<TICKER>,<DTYYYYMMDD>,<FIRST>,<HIGH>,<LOW>,<CLOSE>,<VALUE>,<VOL>,<OPENINT>,<PER>,<OPEN>,<LAST>
Kian.Gold.ETF,20200722,60450.00,61485.00,58100.00,59917.00,15334815125,255934,303,D,58286.00,59350.00
Kian.Gold.ETF,20200721,58100.00,59020.00,56300.00,58286.00,43881074747,752855,441,D,60460.00,58212.00
Kian.Gold.ETF,20200720,63900.00,63900.00,58000.00,60460.00,41812308698,691572,560,D,66543.00,62000.00
Kian.Gold.ETF,20200719,66600.00,67499.00,66000.00,66543.00,6319146066,94964,233,D,66259.00,66000.00
Kian.Gold.ETF,20200718,65500.00,66800.00,65500.00,66259.00,17186109695,259376,377,D,64425.00,66628.00
Kian.Gold.ETF,20200715,65000.00,65000.00,63990.00,64425.00,18525919588,287560,292,D,62996.00,64500.00
Kian.Gold.ETF,20200714,64980.00,64980.00,61006.00,62996.00,10841452810,172098,276,D,64584.00,64000.00
Kian.Gold.ETF,20200713,64813.00,67000.00,63500.00,64584.00,47007136412,727843,607,D,64812.00,65000.00
Kian.Gold.ETF,20200712,68800.00,70000.00,62000.00,64812.00,9535883598,147131,226,D,65405.00,64390.00
Kian.Gold.ETF,20200711,64960.00,66000.00,64500.00,65405.00,49983325120,764217,532,D,64283.00,65109.00
Kian.Gold.ETF,20200708,65500.00,65500.00,62000.00,64283.00,13187695962,205149,348,D,60775.00,63900.00
Kian.Gold.ETF,20200707,64899.00,64899.00,59999.00,60775.00,31972128391,526070,615,D,65487.00,60800.00
Kian.Gold.ETF,20200706,70000.00,80000.00,58000.00,65487.00,135889496401,2075046,1277,D,62825.00,62399.00
Kian.Gold.ETF,20200705,59190.00,70000.00,59190.00,62825.00,99741755221,1587609,843,D,55492.00,65200.00
Kian.Gold.ETF,20200704,53560.00,56490.00,53000.00,55492.00,28534849554,514213,555,D,51606.00,56410.00
Kian.Gold.ETF,20200701,50109.00,52398.00,50109.00,51606.00,14050581815,272265,241,D,50009.00,52398.00
Kian.Gold.ETF,20200630,49710.00,50499.00,49100.00,50009.00,35404310830,707964,340,D,48617.00,50064.00
Kian.Gold.ETF,20200629,47900.00,49500.00,47700.00,48617.00,52509408462,1080054,473,D,47187.00,47700.00
Kian.Gold.ETF,20200628,47410.00,47500.00,46500.00,47187.00,13876479834,294072,283,D,44966.00,47500.00
Kian.Gold.ETF,20200627,46600.00,46600.00,43700.00,44966.00,23354873057,519390,451,D,45497.00,46100.00
Kian.Gold.ETF,20200624,46650.00,46650.00,45000.00,45497.00,18996472713,417533,325,D,46645.00,45351.00
Kian.Gold.ETF,20200623,47139.00,47560.00,46000.00,46645.00,16862840561,361518,410,D,45303.00,46650.00
Kian.Gold.ETF,20200622,45700.00,45700.00,45000.00,45303.00,27559632808,608341,502,D,43543.00,45499.00
Kian.Gold.ETF,20200621,43000.00,44100.00,42990.00,43543.00,23068747169,529797,417,D,42308.00,43780.00
Kian.Gold.ETF,20200620,42000.00,42500.00,41990.00,42308.00,17994099458,425314,374,D,41469.00,42449.00
Kian.Gold.ETF,20200616,41202.00,41978.00,41111.00,41469.00,28656746247,691040,227,D,41152.00,41319.00
Kian.Gold.ETF,20200615,42000.00,42000.00,41010.00,41152.00,190604376266,4631696,256,D,41283.00,41012.00
Kian.Gold.ETF,20200614,41730.00,41750.00,40800.00,41283.00,23010939753,557396,294,D,41678.00,41010.00
Kian.Gold.ETF,20200613,42000.00,42000.00,41225.00,41678.00,11529685933,276636,224,D,40807.00,41283.00
Kian.Gold.ETF,20200610,40572.00,41299.00,40499.00,40807.00,9130596798,223752,263,D,39938.00,40740.00
Kian.Gold.ETF,20200609,39200.00,40300.00,39200.00,39938.00,11345539822,284076,215,D,38883.00,39622.00
Kian.Gold.ETF,20200608,39997.00,39997.00,38315.00,38883.00,9717341373,249913,164,D,38961.00,39201.00
Kian.Gold.ETF,20200607,39800.00,39800.00,38502.00,38961.00,24161209183,620137,485,D,38515.00,39092.00
Kian.Gold.ETF,20200606,39000.00,39000.00,38131.00,38515.00,39780687940,1032857,361,D,39906.00,38222.00
Kian.Gold.ETF,20200602,40698.00,40698.00,39605.00,39906.00,7508608720,188158,185,D,39758.00,39800.00
Kian.Gold.ETF,20200601,40611.00,40800.00,39401.00,39758.00,21238848145,534209,328,D,39243.00,40010.00
Kian.Gold.ETF,20200531,39799.00,40000.00,39012.00,39243.00,14480252214,368992,206,D,40776.00,39500.00
Kian.Gold.ETF,20200530,42000.00,42000.00,40015.00,40776.00,25214903559,618382,297,D,39280.00,40701.00
Kian.Gold.ETF,20200527,39550.00,39981.00,39000.00,39280.00,18897354939,481093,280,D,40340.00,39020.00
Kian.Gold.ETF,20200526,43739.00,43739.00,39009.00,40340.00,31295301156,775795,340,D,42964.00,40445.00
Kian.Gold.ETF,20200523,43999.00,43999.00,42009.00,42964.00,8555443788,199131,201,D,43435.00,42977.00
Kian.Gold.ETF,20200520,44399.00,44399.00,42001.00,43435.00,23054349236,530782,346,D,41378.00,43985.00
Kian.Gold.ETF,20200519,41111.00,43000.00,40100.00,41378.00,15945397002,385357,345,D,42437.00,41256.00
Kian.Gold.ETF,20200518,44176.00,45980.00,41000.00,42437.00,79502390572,1873410,779,D,44176.00,42000.00
Kian.Gold.ETF,20200517,47002.00,48200.00,43000.00,44176.00,53235902633,1205098,659,D,48516.00,43216.00
Kian.Gold.ETF,20200513,50000.00,50001.00,46501.00,48516.00,36267030045,747520,550,D,48573.00,46820.00
Kian.Gold.ETF,20200512,46700.00,50000.00,46700.00,48573.00,88024868346,1812209,906,D,45797.00,48990.00
Kian.Gold.ETF,20200511,44500.00,46000.00,44493.00,45797.00,17794437994,388552,224,D,44134.00,46000.00
Kian.Gold.ETF,20200510,43512.00,44278.00,43512.00,44134.00,12566319359,284733,190,D,42775.00,44135.00
Kian.Gold.ETF,20200509,42900.00,43500.00,42110.00,42775.00,81033454936,1894418,507,D,41906.00,42650.00
Kian.Gold.ETF,20200506,42505.00,42628.00,41506.00,41906.00,14684836889,350423,319,D,41448.00,41590.00
Kian.Gold.ETF,20200505,41960.00,42000.00,41132.00,41448.00,59609590848,1438192,1352,D,41228.00,41600.00
Kian.Gold.ETF,20200504,40400.00,41900.00,39005.00,41228.00,35938270395,871703,485,D,40229.00,41489.00
Kian.Gold.ETF,20200503,40400.00,40899.00,39531.00,40229.00,48411732505,1203416,397,D,39069.00,40156.00
Kian.Gold.ETF,20200502,38710.00,40399.00,38301.00,39069.00,37467914772,959029,531,D,37887.00,39900.00
Kian.Gold.ETF,20200429,36901.00,38698.00,36901.00,37887.00,19641487143,518429,343,D,36774.00,38600.00
Kian.Gold.ETF,20200428,37950.00,37950.00,36700.00,36774.00,23490666359,638783,381,D,37707.00,36805.00
Kian.Gold.ETF,20200427,37990.00,38480.00,37000.00,37707.00,44976678296,1192807,460,D,37769.00,37800.00
Kian.Gold.ETF,20200426,37499.00,38500.00,37123.00,37769.00,20688368717,547759,420,D,36695.00,38500.00
Kian.Gold.ETF,20200425,36100.00,37100.00,36100.00,36695.00,37656550136,1026215,500,D,35457.00,36950.00
Kian.Gold.ETF,20200422,35099.00,35900.00,34800.00,35457.00,23709491772,668674,393,D,34091.00,35760.00
Kian.Gold.ETF,20200421,34001.00,34840.00,33899.00,34091.00,14016807303,411154,351,D,33456.00,34000.00
Kian.Gold.ETF,20200420,33010.00,33950.00,33010.00,33456.00,8789589428,262718,231,D,33059.00,33499.00
Kian.Gold.ETF,20200419,33500.00,33599.00,32900.00,33059.00,40078983074,1212334,479,D,33932.00,33500.00
Kian.Gold.ETF,20200418,35998.00,35998.00,33451.00,33932.00,63969546247,1885223,592,D,35924.00,34000.00
Kian.Gold.ETF,20200415,36438.00,36438.00,35720.00,35924.00,4366954733,121561,91,D,36374.00,35855.00
Kian.Gold.ETF,20200414,36500.00,36649.00,36205.00,36374.00,26189013369,719987,405,D,36371.00,36222.00
Kian.Gold.ETF,20200413,36640.00,36649.00,36100.00,36371.00,10266161679,282266,151,D,36479.00,36600.00
Kian.Gold.ETF,20200412,36300.00,36700.00,35700.00,36479.00,26739346000,733010,304,D,35218.00,36597.00
Kian.Gold.ETF,20200411,35253.00,35497.00,35002.00,35218.00,13166517690,373854,205,D,34987.00,35497.00
Kian.Gold.ETF,20200408,35151.00,35200.00,34801.00,34987.00,10696464071,305724,347,D,35804.00,35099.00
Kian.Gold.ETF,20200407,36400.00,36400.00,35411.00,35804.00,17360999461,484889,553,D,36272.00,35450.00
Kian.Gold.ETF,20200406,36425.00,37000.00,36124.00,36272.00,9701143922,267455,358,D,36693.00,36300.00
Kian.Gold.ETF,20200405,36690.00,37085.00,36400.00,36693.00,35970080587,980296,526,D,36392.00,36696.00
Kian.Gold.ETF,20200404,37700.00,37700.00,35850.00,36392.00,52389927390,1439595,886,D,36919.00,35999.00
Kian.Gold.ETF,20200330,36799.00,37400.00,36420.00,36919.00,231257407695,6263988,869,D,36019.00,37139.00
Kian.Gold.ETF,20200329,35890.00,36249.00,35890.00,36019.00,57530487170,1597208,614,D,35066.00,35999.00
Kian.Gold.ETF,20200328,34560.00,35700.00,34300.00,35066.00,23263650159,663417,505,D,33916.00,35000.00
Kian.Gold.ETF,20200325,34000.00,34298.00,33502.00,33916.00,35301103679,1040851,544,D,33901.00,34190.00
Kian.Gold.ETF,20200324,33550.00,34140.00,33550.00,33901.00,33452079396,986764,408,D,33133.00,34000.00
Kian.Gold.ETF,20200318,32370.00,33444.00,32370.00,33133.00,28485454607,859724,425,D,32249.00,33388.00
Kian.Gold.ETF,20200317,32133.00,32800.00,32000.00,32249.00,34995490942,1085161,283,D,32657.00,32498.00
Kian.Gold.ETF,20200316,32499.00,33300.00,31920.00,32657.00,32801316778,1004420,437,D,31799.00,32002.00
Kian.Gold.ETF,20200315,31680.00,32200.00,31680.00,31799.00,33823419622,1063667,284,D,30998.00,32014.00
Kian.Gold.ETF,20200314,30200.00,31400.00,30200.00,30998.00,24820235709,800712,295,D,32606.00,31400.00
Kian.Gold.ETF,20200311,32006.00,32990.00,32006.00,32606.00,5263488568,161425,140,D,32209.00,32677.00
Kian.Gold.ETF,20200310,32900.00,32900.00,32000.00,32209.00,8267994162,256695,324,D,32521.00,32250.00
Kian.Gold.ETF,20200309,32550.00,33000.00,32000.00,32521.00,63005845558,1937398,618,D,31564.00,32990.00
Kian.Gold.ETF,20200304,31800.00,31800.00,31004.00,31564.00,8134894393,257727,154,D,31124.00,31452.00
Kian.Gold.ETF,20200303,31600.00,31600.00,30750.00,31124.00,12958238226,416338,368,D,32108.00,30913.00
Kian.Gold.ETF,20200302,32600.00,32600.00,31690.00,32108.00,9900675039,308355,461,D,30021.00,31927.00
Kian.Gold.ETF,20200229,31461.00,31461.00,29100.00,30021.00,31851463535,1060969,378,D,31557.00,30300.00
Kian.Gold.ETF,20200226,32550.00,32700.00,31350.00,31557.00,65951362300,2089886,514,D,31608.00,31806.00
Kian.Gold.ETF,20200225,32500.00,33200.00,31200.00,31608.00,52791677737,1670190,583,D,31645.00,31749.00
Kian.Gold.ETF,20200224,31298.00,32222.00,31200.00,31645.00,36106122016,1140958,304,D,30794.00,32199.00
Kian.Gold.ETF,20200223,31239.00,31400.00,30051.00,30794.00,50720084756,1647065,525,D,30060.00,30100.00
Kian.Gold.ETF,20200222,29900.00,30600.00,29900.00,30060.00,60374079029,2008423,658,D,28795.00,30500.00
Kian.Gold.ETF,20200219,28999.00,29000.00,28300.00,28795.00,4526108153,157182,27,D,28677.00,29000.00
Kian.Gold.ETF,20200218,28300.00,28795.00,28300.00,28677.00,66719656018,2326614,215,D,28515.00,28569.00
Kian.Gold.ETF,20200217,28899.00,28899.00,28024.00,28515.00,838600616,29409,54,D,28304.00,28430.00
Kian.Gold.ETF,20200216,28004.00,28899.00,28004.00,28304.00,4107717626,145130,111,D,28195.00,28800.00
Kian.Gold.ETF,20200215,28900.00,28900.00,28001.00,28195.00,7448062636,264165,124,D,28146.00,28032.00
Kian.Gold.ETF,20200212,28980.00,29099.00,28010.00,28146.00,7739429482,274970,133,D,28403.00,28229.00
Kian.Gold.ETF,20200210,28487.00,28980.00,28101.00,28403.00,9937181002,349863,132,D,27758.00,28340.00
Kian.Gold.ETF,20200209,27700.00,28300.00,27151.00,27758.00,15000925435,540420,173,D,27150.00,27999.00
Kian.Gold.ETF,20200208,27900.00,27900.00,27074.00,27150.00,1027759969,37855,58,D,26926.00,27116.00
Kian.Gold.ETF,20200205,27198.00,27198.00,26802.00,26926.00,1681959451,62467,67,D,27249.00,27129.00
Kian.Gold.ETF,20200204,27580.00,27580.00,27000.00,27249.00,1558669926,57202,35,D,27350.00,27300.00
Kian.Gold.ETF,20200203,27240.00,28398.00,27203.00,27350.00,3685068205,134736,92,D,27215.00,27687.00
Kian.Gold.ETF,20200202,27999.00,27999.00,27055.00,27215.00,1271766313,46730,104,D,28089.00,27840.00
Kian.Gold.ETF,20200201,29350.00,29350.00,27560.00,28089.00,8243156883,293462,140,D,28480.00,27999.00
Kian.Gold.ETF,20200128,27700.00,29000.00,27700.00,28480.00,19788398647,694821,215,D,27651.00,28300.00
Kian.Gold.ETF,20200127,27300.00,27999.00,26701.00,27651.00,9901464794,358085,98,D,26613.00,27500.00
Kian.Gold.ETF,20200126,26302.00,26850.00,26200.00,26613.00,23256215664,873855,142,D,26424.00,26801.00
Kian.Gold.ETF,20200125,26300.00,26699.00,26299.00,26424.00,5444730933,206050,75,D,25879.00,26500.00
Kian.Gold.ETF,20200122,25900.00,26398.00,25662.00,25879.00,22083417793,853348,103,D,25889.00,25902.00
Kian.Gold.ETF,20200121,25919.00,26000.00,25700.00,25889.00,6133387077,236914,48,D,25823.00,25800.00
Kian.Gold.ETF,20200120,25699.00,26299.00,25699.00,25823.00,6625383576,256569,63,D,25529.00,25739.00
Kian.Gold.ETF,20200119,26000.00,26000.00,25306.00,25529.00,8643799275,338582,142,D,25917.00,25689.00
Kian.Gold.ETF,20200118,26999.00,26999.00,25830.00,25917.00,21814148151,841679,85,D,26616.00,25830.00
Kian.Gold.ETF,20200115,27000.00,27399.00,26450.00,26616.00,65956912505,2478119,304,D,26569.00,26550.00
Kian.Gold.ETF,20200114,25003.00,27200.00,25003.00,26569.00,13137812890,494474,121,D,25486.00,26995.00
Kian.Gold.ETF,20200113,25200.00,25650.00,25200.00,25486.00,5320282168,208755,56,D,25300.00,25648.00
Kian.Gold.ETF,20200112,24811.00,25500.00,24811.00,25300.00,9405281851,371751,121,D,25147.00,25390.00
Kian.Gold.ETF,20200111,25302.00,25304.00,24805.00,25147.00,8989314071,357466,165,D,26797.00,25198.00
Kian.Gold.ETF,20200108,29895.00,29895.00,25516.00,26797.00,107064669283,3995430,426,D,28772.00,26126.00
Kian.Gold.ETF,20200107,27152.00,29800.00,27152.00,28772.00,26255947513,912545,354,D,26083.00,28520.00
Kian.Gold.ETF,20200105,25850.00,26700.00,25315.00,26083.00,32630920346,1251043,161,D,25135.00,26691.00
Kian.Gold.ETF,20200104,25500.00,25500.00,25010.00,25135.00,3579559742,142412,113,D,24137.00,25170.00
Kian.Gold.ETF,20200101,24200.00,24398.00,23000.00,24137.00,37435509894,1550964,119,D,24244.00,24001.00
Kian.Gold.ETF,20191231,24100.00,24251.00,24100.00,24244.00,52358327880,2159660,97,D,23986.00,24200.00
Kian.Gold.ETF,20191230,24219.00,24220.00,23900.00,23986.00,1929159896,80428,29,D,24041.00,23906.00
Kian.Gold.ETF,20191229,24398.00,24398.00,24011.00,24041.00,387100915,16102,26,D,24073.00,24022.00
Kian.Gold.ETF,20191228,24099.00,24398.00,23900.00,24073.00,386660045,16062,31,D,24000.00,24100.00
Kian.Gold.ETF,20191225,23999.00,24059.00,23801.00,24000.00,2463504154,102647,21,D,23949.00,23950.00
Kian.Gold.ETF,20191224,23852.00,24094.00,23701.00,23949.00,4981824132,208020,48,D,23634.00,23801.00
Kian.Gold.ETF,20191223,23800.00,23800.00,23553.00,23634.00,311807690,13193,20,D,23891.00,23567.00
Kian.Gold.ETF,20191222,23900.00,24198.00,23630.00,23891.00,2621183782,109714,28,D,23750.00,23800.00
Kian.Gold.ETF,20191221,23800.00,23840.00,23700.00,23750.00,1307110991,55036,50,D,23419.00,23755.00
Kian.Gold.ETF,20191218,23740.00,23740.00,23201.00,23419.00,411550011,17573,24,D,23494.00,23201.00
Kian.Gold.ETF,20191217,23399.00,23510.00,23399.00,23494.00,89369740,3804,13,D,23265.00,23481.00
Kian.Gold.ETF,20191216,23295.00,23400.00,23200.00,23265.00,187588254,8063,23,D,22786.00,23399.00
Kian.Gold.ETF,20191215,22800.00,22801.00,22701.00,22786.00,3018434073,132471,26,D,23085.00,22800.00
Kian.Gold.ETF,20191214,23312.00,23312.00,22950.00,23085.00,805822211,34907,56,D,23655.00,22950.00
Kian.Gold.ETF,20191211,23701.00,23999.00,23600.00,23655.00,3455834577,146094,85,D,24805.00,23650.00
Kian.Gold.ETF,20191210,24769.00,24860.00,24700.00,24805.00,6559290455,264429,87,D,24546.00,24770.00
Kian.Gold.ETF,20191209,24698.00,24767.00,24400.00,24546.00,970716809,39547,79,D,24515.00,24488.00
Kian.Gold.ETF,20191208,24500.00,24765.00,24100.00,24515.00,2569619306,104819,60,D,24250.00,24350.00
Kian.Gold.ETF,20191207,24990.00,24990.00,24100.00,24250.00,1039692607,42874,71,D,23810.00,24200.00
Kian.Gold.ETF,20191204,23930.00,24097.00,23701.00,23810.00,3215570724,135049,109,D,23414.00,24000.00
Kian.Gold.ETF,20191203,23303.00,23680.00,23265.00,23414.00,1550038792,66202,31,D,23913.00,23599.00
Kian.Gold.ETF,20191202,23930.00,23930.00,23900.00,23913.00,63320961,2648,21,D,23593.00,23900.00
Kian.Gold.ETF,20191201,23400.00,23700.00,23400.00,23593.00,1136476960,48171,32,D,23511.00,23520.00
Kian.Gold.ETF,20191130,23499.00,23700.00,23400.00,23511.00,905919966,38532,34,D,22882.00,23490.00
Kian.Gold.ETF,20191127,22783.00,23000.00,22500.00,22882.00,1389201825,60712,27,D,22612.00,23000.00
Kian.Gold.ETF,20191126,23100.00,23100.00,22553.00,22612.00,818513990,36199,38,D,22902.00,22600.00
Kian.Gold.ETF,20191125,22636.00,22999.00,22600.00,22902.00,2420924011,105709,42,D,22391.00,22895.00
Kian.Gold.ETF,20191124,21800.00,22600.00,21800.00,22391.00,265512630,11858,50,D,21806.00,22600.00
Kian.Gold.ETF,20191123,22200.00,22200.00,21800.00,21806.00,4447251966,203948,37,D,21952.00,21800.00
Kian.Gold.ETF,20191120,22004.00,22383.00,21900.00,21952.00,3731174579,169967,62,D,22289.00,22010.00
Kian.Gold.ETF,20191119,22499.00,22597.00,22002.00,22289.00,71057696,3188,15,D,22201.00,22180.00
Kian.Gold.ETF,20191118,22799.00,22799.00,22200.00,22201.00,3110403112,140103,21,D,22589.00,22200.00
Kian.Gold.ETF,20191117,22950.00,23000.00,22362.00,22589.00,7815962823,346005,92,D,22206.00,22701.00
Kian.Gold.ETF,20191116,21507.00,22998.00,21500.00,22206.00,4778758016,215201,74,D,21859.00,22900.00
Kian.Gold.ETF,20191113,21700.00,21900.00,21589.00,21859.00,4646409965,212563,26,D,21513.00,21700.00
Kian.Gold.ETF,20191112,21400.00,21600.00,21400.00,21513.00,751050551,34912,46,D,21511.00,21598.00
Kian.Gold.ETF,20191111,21494.00,21600.00,21449.00,21511.00,1046381052,48644,31,D,21397.00,21600.00
Kian.Gold.ETF,20191110,21200.00,21500.00,21150.00,21397.00,2387521461,111581,22,D,21087.00,21256.00
Kian.Gold.ETF,20191109,21195.00,21195.00,21000.00,21087.00,68639500,3255,11,D,21496.00,21100.00
Kian.Gold.ETF,20191105,21490.00,21500.00,21400.00,21496.00,798610855,37152,44,D,21933.00,21500.00
Kian.Gold.ETF,20191104,21400.00,23000.00,21101.00,21933.00,9041554470,412231,48,D,21400.00,21300.00
Kian.Gold.ETF,20191103,21500.00,21500.00,21002.00,21400.00,63386037,2962,16,D,21277.00,21300.00
Kian.Gold.ETF,20191102,21050.00,21500.00,21050.00,21277.00,7066813899,332133,26,D,20825.00,21300.00
Kian.Gold.ETF,20191030,20700.00,20946.00,20700.00,20825.00,29446938,1414,10,D,20946.00,20900.00
Kian.Gold.ETF,20191028,20990.00,21088.00,20700.00,20946.00,72787677,3475,15,D,20616.00,20700.00
Kian.Gold.ETF,20191026,20200.00,20850.00,20200.00,20616.00,2814285842,136509,24,D,20470.00,20434.00
Kian.Gold.ETF,20191023,20809.00,20999.00,20470.00,20470.00,39884256126,1948402,67,D,20812.00,20521.00
Kian.Gold.ETF,20191022,20804.00,21245.00,20800.00,20812.00,3167962009,152220,18,D,21016.00,20800.00
Kian.Gold.ETF,20191021,21299.00,21299.00,21000.00,21016.00,116639950,5550,3,D,21395.00,21000.00
Kian.Gold.ETF,20191020,21298.00,23952.00,21250.00,21395.00,3562205376,166500,18,D,21300.00,21300.00
Kian.Gold.ETF,20191016,21300.00,21300.00,21300.00,21300.00,2132449500,100115,4,D,21167.00,21300.00
Kian.Gold.ETF,20191015,21100.00,21300.00,21090.00,21167.00,2082081326,98365,19,D,21006.00,21300.00
Kian.Gold.ETF,20191014,20902.00,21200.00,20900.00,21006.00,471531810,22448,13,D,21100.00,21100.00
Kian.Gold.ETF,20191013,21100.00,21100.00,21100.00,21100.00,2110000000,100000,7,D,21010.00,21100.00
Kian.Gold.ETF,20191012,21010.00,21010.00,21010.00,21010.00,2101000,100,2,D,21400.00,21010.00
Kian.Gold.ETF,20191009,21390.00,21400.00,21390.00,21400.00,1275910000,59622,5,D,21098.00,21400.00
Kian.Gold.ETF,20191008,21000.00,21200.00,21000.00,21098.00,79202449,3754,14,D,20988.00,21200.00
Kian.Gold.ETF,20191007,21050.00,21050.00,20900.00,20988.00,12337201200,587834,30,D,21203.00,21000.00
Kian.Gold.ETF,20191006,21200.00,21250.00,21200.00,21203.00,180564310,8516,14,D,21195.00,21200.00
Kian.Gold.ETF,20191005,21060.00,21398.00,21006.00,21195.00,4282084458,202036,20,D,21095.00,21200.00
Kian.Gold.ETF,20191002,20996.00,21250.00,20996.00,21095.00,14792833720,701250,29,D,21088.00,21250.00
Kian.Gold.ETF,20191001,21100.00,21101.00,16422.00,21088.00,23854156080,1131174,74,D,21066.00,20773.00
Kian.Gold.ETF,20190930,21039.00,21149.00,21000.00,21066.00,895653517,42516,16,D,20966.00,21055.00
Kian.Gold.ETF,20190929,21040.00,21040.00,20900.00,20966.00,1879934751,89666,22,D,20932.00,21001.00
Kian.Gold.ETF,20190928,21100.00,21100.00,20850.00,20932.00,6673660241,318832,39,D,21297.00,21000.00
Kian.Gold.ETF,20190925,21082.00,21300.00,21082.00,21297.00,23350952591,1096467,33,D,21128.00,21093.00
Kian.Gold.ETF,20190924,21300.00,21300.00,21120.00,21128.00,15758389012,745857,32,D,21082.00,21300.00
Kian.Gold.ETF,20190923,21101.00,21230.00,21030.00,21082.00,15736674590,746448,24,D,21240.00,21110.00
Kian.Gold.ETF,20190922,21304.00,21550.00,21162.00,21240.00,636887896,29986,16,D,21389.00,21399.00
Kian.Gold.ETF,20190921,21390.00,21600.00,21300.00,21389.00,2908087153,135962,37,D,21302.00,21554.00
Kian.Gold.ETF,20190918,21589.00,21589.00,21300.00,21302.00,1016502390,47718,16,D,21522.00,21300.00
Kian.Gold.ETF,20190917,21799.00,21799.00,21500.00,21522.00,22189680,1031,18,D,21581.00,21600.00
Kian.Gold.ETF,20190916,21500.00,21650.00,21499.00,21581.00,8000344395,370714,26,D,21369.00,21650.00
Kian.Gold.ETF,20190915,21440.00,21440.00,21310.00,21369.00,2556126966,119619,25,D,21501.00,21312.00
Kian.Gold.ETF,20190914,21604.00,21604.00,21500.00,21501.00,1216872001,56595,31,D,21609.00,21501.00
Kian.Gold.ETF,20190911,21800.00,21800.00,21600.00,21609.00,2664752994,123314,34,D,22024.00,21612.00
Kian.Gold.ETF,20190908,21999.00,22100.00,21904.00,22024.00,392223038,17809,30,D,21709.00,21904.00
Kian.Gold.ETF,20190907,21800.00,21850.00,21601.00,21709.00,10604959221,488507,30,D,21900.00,21700.00
Kian.Gold.ETF,20190904,21730.00,21902.00,21730.00,21900.00,11059018052,504978,22,D,21799.00,21900.00
Kian.Gold.ETF,20190903,21701.00,21800.00,21701.00,21799.00,2565612132,117694,19,D,21487.00,21800.00
Kian.Gold.ETF,20190902,21600.00,21600.00,21400.00,21487.00,2357523114,109721,22,D,21742.00,21579.00
Kian.Gold.ETF,20190901,21720.00,21900.00,21700.00,21742.00,2069440846,95182,28,D,21670.00,21800.00
Kian.Gold.ETF,20190831,21600.00,21700.00,21600.00,21670.00,296839664,13698,18,D,21339.00,21700.00
Kian.Gold.ETF,20190828,21300.00,21438.00,21200.00,21339.00,8102057470,379686,32,D,21240.00,21401.00
Kian.Gold.ETF,20190827,21306.00,21400.00,21200.00,21240.00,1199033068,56452,42,D,21424.00,21200.00
Kian.Gold.ETF,20190826,21711.00,21711.00,21304.00,21424.00,1519234273,70914,45,D,21992.00,21400.00
Kian.Gold.ETF,20190825,21800.00,22050.00,21800.00,21992.00,15449617150,702496,26,D,22098.00,21998.00
Kian.Gold.ETF,20190824,22000.00,22100.00,22000.00,22098.00,9008853088,407684,32,D,21920.00,22099.00
Kian.Gold.ETF,20190821,21980.00,21999.00,21800.00,21920.00,9371867049,427553,34,D,21963.00,21999.00
Kian.Gold.ETF,20190819,22046.00,22050.00,21910.00,21963.00,7344324650,334400,17,D,22046.00,22046.00
Kian.Gold.ETF,20190818,22183.00,22183.00,22005.00,22046.00,8770936330,397840,24,D,22185.00,22050.00
Kian.Gold.ETF,20190817,22101.00,22244.00,22101.00,22185.00,36651675686,1652079,67,D,22110.00,22197.00
Kian.Gold.ETF,20190814,22000.00,22200.00,22000.00,22110.00,45256653927,2046925,50,D,22306.00,22070.00
Kian.Gold.ETF,20190813,22500.00,22500.00,22299.00,22306.00,28905236142,1295868,70,D,22049.00,22310.00
Kian.Gold.ETF,20190811,22000.00,22049.00,21970.00,22049.00,66754705668,3027617,52,D,22163.00,22000.00
Kian.Gold.ETF,20190810,22550.00,22550.00,22150.00,22163.00,1225275980,55285,48,D,22388.00,22220.00
Kian.Gold.ETF,20190807,22330.00,22500.00,22330.00,22388.00,20590955732,919732,42,D,22260.00,22500.00
Kian.Gold.ETF,20190806,22201.00,22270.00,22200.00,22260.00,25965701603,1166466,32,D,22200.00,22230.00
Kian.Gold.ETF,20190805,21800.00,22331.00,21800.00,22200.00,44798633003,2017962,93,D,21853.00,22330.00
Kian.Gold.ETF,20190804,21750.00,21909.00,21750.00,21853.00,4710384670,215550,30,D,21936.00,21900.00
Kian.Gold.ETF,20190803,21700.00,22099.00,21700.00,21936.00,1722880467,78541,31,D,21604.00,21930.00
Kian.Gold.ETF,20190731,21501.00,21699.00,21501.00,21604.00,11646237357,539075,66,D,22164.00,21540.00
Kian.Gold.ETF,20190730,22200.00,22300.00,22000.00,22164.00,886503065,39998,49,D,22244.00,22020.00
Kian.Gold.ETF,20190729,22280.00,22340.00,22101.00,22244.00,22480662402,1010652,59,D,22407.00,22199.00
Kian.Gold.ETF,20190728,22400.00,22500.00,22250.00,22407.00,23903110890,1066759,70,D,22276.00,22251.00
Kian.Gold.ETF,20190727,22900.00,22900.00,22100.00,22276.00,25991645625,1166776,100,D,22820.00,22400.00
Kian.Gold.ETF,20190724,22300.00,23000.00,22300.00,22820.00,55201857660,2419061,82,D,23012.00,22700.00
Kian.Gold.ETF,20190723,22799.00,23090.00,22780.00,23012.00,26036495880,1131413,95,D,22465.00,23050.00
Kian.Gold.ETF,20190722,22500.00,22600.00,22390.00,22465.00,2676835675,119158,44,D,22680.00,22497.00
Kian.Gold.ETF,20190721,22300.00,22730.00,22300.00,22680.00,10027477852,442127,125,D,21737.00,22550.00
Kian.Gold.ETF,20190720,21744.00,22000.00,21500.00,21737.00,12854559663,591368,117,D,21306.00,21940.00
Kian.Gold.ETF,20190717,21460.00,21640.00,20689.00,21306.00,4698586671,220533,165,D,21604.00,21500.00
Kian.Gold.ETF,20190716,22596.00,22596.00,21600.00,21604.00,13447049401,622421,42,D,22596.00,21749.00
Kian.Gold.ETF,20190715,22500.00,22622.00,22450.00,22596.00,55859995505,2472139,80,D,23001.00,22450.00
Kian.Gold.ETF,20190714,23201.00,23201.00,22801.00,23001.00,60050403818,2610788,117,D,23296.00,22804.00
Kian.Gold.ETF,20190713,23799.00,23799.00,23200.00,23296.00,5567943427,239005,38,D,23747.00,23200.00
Kian.Gold.ETF,20190710,23700.00,23850.00,23699.00,23747.00,5140986982,216490,45,D,23930.00,23830.00
Kian.Gold.ETF,20190709,23900.00,23940.00,23800.00,23930.00,70176861231,2932627,90,D,23998.00,23800.00
Kian.Gold.ETF,20190708,24002.00,24002.00,23906.00,23998.00,303620372,12652,21,D,24175.00,23982.00
Kian.Gold.ETF,20190707,24001.00,24200.00,24000.00,24175.00,56931728121,2355022,69,D,24384.00,24002.00
Kian.Gold.ETF,20190706,24300.00,24500.00,24300.00,24384.00,2643335555,108406,32,D,24095.00,24402.00
Kian.Gold.ETF,20190703,24001.00,24150.00,24001.00,24095.00,35780075243,1484953,58,D,23897.00,24100.00
Kian.Gold.ETF,20190702,23680.00,23970.00,23680.00,23897.00,1466717185,61376,35,D,23809.00,23860.00
Kian.Gold.ETF,20190701,23600.00,24000.00,23600.00,23809.00,17039777524,715696,43,D,24086.00,24000.00
Kian.Gold.ETF,20190630,24200.00,24200.00,23950.00,24086.00,80906977903,3359149,150,D,24305.00,24000.00
Kian.Gold.ETF,20190626,24300.00,24359.00,24241.00,24305.00,12008511192,494073,40,D,24575.00,24279.00
Kian.Gold.ETF,20190625,24120.00,24650.00,24120.00,24575.00,5543919157,225593,57,D,24756.00,24500.00
Kian.Gold.ETF,20190624,24800.00,24800.00,24660.00,24756.00,72453933341,2926742,95,D,24599.00,24660.00
Kian.Gold.ETF,20190623,24503.00,24630.00,24480.00,24599.00,82057984690,3335879,107,D,24747.00,24600.00
Kian.Gold.ETF,20190622,24799.00,24900.00,24550.00,24747.00,107093332814,4327529,211,D,24488.00,24550.00
Kian.Gold.ETF,20190619,24400.00,24800.00,24400.00,24488.00,92123980881,3762049,127,D,24400.00,24500.00
Kian.Gold.ETF,20190618,25500.00,25500.00,24300.00,24400.00,51809661765,2123351,96,D,24760.00,24420.00
Kian.Gold.ETF,20190617,24800.00,25900.00,24700.00,24760.00,10728915139,433325,32,D,24946.00,24995.00
Kian.Gold.ETF,20190616,24700.00,25300.00,24555.00,24946.00,30160647172,1209029,95,D,24549.00,25300.00
Kian.Gold.ETF,20190615,24205.00,24649.00,24205.00,24549.00,44347140019,1806460,111,D,23902.00,24649.00
Kian.Gold.ETF,20190612,23701.00,23990.00,23701.00,23902.00,31427146130,1314852,49,D,23683.00,23950.00
Kian.Gold.ETF,20190611,23700.00,23750.00,23601.00,23683.00,35838453038,1513245,66,D,23415.00,23750.00
Kian.Gold.ETF,20190610,23448.00,23748.00,23300.00,23415.00,24835764988,1060676,56,D,23499.00,23748.00
Kian.Gold.ETF,20190609,23100.00,24298.00,23100.00,23499.00,20141691150,857131,70,D,24348.00,23449.00
Kian.Gold.ETF,20190608,24490.00,24500.00,24301.00,24348.00,27494860176,1129263,63,D,24194.00,24335.00
Kian.Gold.ETF,20190603,24250.00,24250.00,24100.00,24194.00,27960288096,1155668,67,D,24358.00,24120.00
Kian.Gold.ETF,20190602,24311.00,24449.00,24311.00,24358.00,20888690568,857567,50,D,24612.00,24400.00
Kian.Gold.ETF,20190601,24400.00,25500.00,24400.00,24612.00,16862724854,685139,67,D,24408.00,24601.00
Kian.Gold.ETF,20190529,24900.00,24900.00,24000.00,24408.00,11161724096,457304,50,D,24653.00,24500.00
Kian.Gold.ETF,20190528,24995.00,25149.00,24500.00,24653.00,5078104893,205985,50,D,25098.00,24590.00
Kian.Gold.ETF,20190526,25000.00,25270.00,25000.00,25098.00,6046189865,240900,24,D,25246.00,25202.00
Kian.Gold.ETF,20190525,25501.00,25510.00,25200.00,25246.00,1906403324,75512,25,D,25655.00,25250.00
Kian.Gold.ETF,20190522,25313.00,26315.00,25313.00,25655.00,18063949903,704121,66,D,25231.00,25801.00
Kian.Gold.ETF,20190521,25000.00,25498.00,25000.00,25231.00,24220791672,959963,158,D,24864.00,25350.00
Kian.Gold.ETF,20190520,25000.00,25150.00,24700.00,24864.00,22977155715,924131,91,D,25677.00,25002.00
Kian.Gold.ETF,20190519,26050.00,26050.00,25503.00,25677.00,23487275301,914726,55,D,26040.00,25590.00
Kian.Gold.ETF,20190518,26310.00,26500.00,26000.00,26040.00,44049656980,1691613,88,D,26736.00,26021.00
Kian.Gold.ETF,20190515,26800.00,26800.00,26610.00,26736.00,28027798834,1048302,58,D,26992.00,26610.00
Kian.Gold.ETF,20190514,26950.00,27050.00,26901.00,26992.00,16561705741,613568,54,D,26962.00,27000.00
Kian.Gold.ETF,20190513,26920.00,27098.00,26900.00,26962.00,11841119627,439182,45,D,26663.00,26900.00
Kian.Gold.ETF,20190512,27001.00,27001.00,26602.00,26663.00,8474051440,317822,43,D,27446.00,26751.00
Kian.Gold.ETF,20190511,27610.00,27700.00,27310.00,27446.00,10132674923,369181,95,D,27529.00,27310.00
Kian.Gold.ETF,20190508,27400.00,27780.00,27400.00,27529.00,34230387321,1243436,167,D,27202.00,27610.00
Kian.Gold.ETF,20190507,27600.00,27600.00,26600.00,27202.00,21550825630,792261,165,D,26873.00,27456.00
Kian.Gold.ETF,20190506,26896.00,26985.00,26670.00,26873.00,20129526246,749050,80,D,26702.00,26920.00
Kian.Gold.ETF,20190505,27298.00,27299.00,26601.00,26702.00,12414675739,464938,173,D,26924.00,26650.00
Kian.Gold.ETF,20190504,27595.00,27595.00,26511.00,26924.00,30428515456,1130179,108,D,26803.00,26900.00
Kian.Gold.ETF,20190501,26801.00,27390.00,26600.00,26803.00,7850872436,292910,203,D,27017.00,26663.00
Kian.Gold.ETF,20190430,27800.00,27800.00,26500.00,27017.00,33343311583,1234141,180,D,27471.00,26500.00
Kian.Gold.ETF,20190429,27510.00,27520.00,27100.00,27471.00,39680297804,1444419,107,D,27462.00,27210.00
Kian.Gold.ETF,20190428,27500.00,27520.00,27450.00,27462.00,14938869414,543983,81,D,27400.00,27510.00
Kian.Gold.ETF,20190427,27500.00,27500.00,27300.00,27400.00,1950671419,71192,96,D,27101.00,27492.00
Kian.Gold.ETF,20190424,27900.00,27900.00,27030.00,27101.00,6601241687,243582,65,D,27238.00,27301.00
Kian.Gold.ETF,20190423,27500.00,27500.00,27199.00,27238.00,5117409949,187879,60,D,27214.00,27220.00
Kian.Gold.ETF,20190422,26871.00,27500.00,26871.00,27214.00,3735549460,137265,76,D,26430.00,27160.00
Kian.Gold.ETF,20190420,26600.00,26700.00,26300.00,26430.00,30802878035,1165457,118,D,26491.00,26500.00
Kian.Gold.ETF,20190417,28000.00,29000.00,26000.00,26491.00,81610916365,3080692,311,D,27192.00,26620.00
Kian.Gold.ETF,20190416,26251.00,28000.00,26251.00,27192.00,1582097599,58182,66,D,27999.00,26805.00
Kian.Gold.ETF,20190415,28227.00,28800.00,27600.00,27999.00,1608659085,57455,84,D,26883.00,27900.00
Kian.Gold.ETF,20190414,27821.00,27900.00,26790.00,26883.00,13522122763,502993,126,D,27080.00,27450.00
Kian.Gold.ETF,20190413,28299.00,28299.00,25500.00,27080.00,36338335304,1341894,231,D,27462.00,26488.00
Kian.Gold.ETF,20190410,28199.00,28199.00,27002.00,27462.00,1058485840,38543,99,D,28670.00,27407.00
Kian.Gold.ETF,20190409,28888.00,30000.00,28300.00,28670.00,6484689695,226183,138,D,28086.00,28600.00
Kian.Gold.ETF,20190408,27766.00,28300.00,27766.00,28086.00,41307901138,1470750,112,D,27219.00,28251.00
Kian.Gold.ETF,20190407,27200.00,27500.00,26990.00,27219.00,28960671905,1063974,127,D,26396.00,27498.00
Kian.Gold.ETF,20190406,26190.00,26600.00,26090.00,26396.00,20601158280,780472,103,D,25895.00,26530.00
Kian.Gold.ETF,20190331,25700.00,26000.00,25700.00,25895.00,1218538253,47056,22,D,25570.00,25801.00
Kian.Gold.ETF,20190330,25000.00,25900.00,25000.00,25570.00,739959184,28939,30,D,25777.00,25700.00
Kian.Gold.ETF,20190327,25700.00,25850.00,25690.00,25777.00,8182662470,317438,60,D,25563.00,25690.00
Kian.Gold.ETF,20190326,25540.00,25620.00,25400.00,25563.00,5848677255,228799,45,D,25479.00,25561.00
Kian.Gold.ETF,20190325,25700.00,25800.00,25310.00,25479.00,9325697030,366019,57,D,25307.00,25530.00
Kian.Gold.ETF,20190319,24351.00,25560.00,24351.00,25307.00,2862956500,113128,35,D,24783.00,25400.00
Kian.Gold.ETF,20190318,25999.00,25999.00,24500.00,24783.00,11664113017,470650,67,D,24576.00,24980.00
Kian.Gold.ETF,20190317,24600.00,24800.00,24540.00,24576.00,2056021400,83661,12,D,24697.00,24800.00
Kian.Gold.ETF,20190316,24700.00,24790.00,24500.00,24697.00,5380573382,217866,32,D,24393.00,24730.00
Kian.Gold.ETF,20190313,24260.00,24850.00,24260.00,24393.00,4655697235,190860,39,D,24150.00,24640.00
Kian.Gold.ETF,20190312,24051.00,24220.00,24050.00,24150.00,988082180,40914,15,D,24258.00,24220.00
Kian.Gold.ETF,20190311,24520.00,24520.00,24220.00,24258.00,9687547080,399362,25,D,24664.00,24310.00
Kian.Gold.ETF,20190310,24830.00,24830.00,24600.00,24664.00,15045010309,610001,37,D,24802.00,24740.00
Kian.Gold.ETF,20190309,24831.00,24870.00,24760.00,24802.00,11167735688,450279,36,D,24933.00,24830.00
Kian.Gold.ETF,20190306,27400.00,27400.00,24760.00,24933.00,1617258180,64865,30,D,24361.00,24830.00
Kian.Gold.ETF,20190305,24210.00,24500.00,24200.00,24361.00,5644973369,231721,45,D,23479.00,24410.00
Kian.Gold.ETF,20190304,23250.00,23630.00,23220.00,23479.00,1901641189,80992,48,D,23949.00,23630.00
Kian.Gold.ETF,20190303,24000.00,24100.00,23900.00,23949.00,1988269285,83022,47,D,25085.00,23990.00
Kian.Gold.ETF,20190302,25100.00,25170.00,25030.00,25085.00,6197232395,247048,43,D,24942.00,25045.00
Kian.Gold.ETF,20190227,24990.00,25010.00,24860.00,24942.00,9068099627,363570,38,D,25091.00,24940.00
Kian.Gold.ETF,20190226,25100.00,25240.00,24910.00,25091.00,5547776860,221105,42,D,25113.00,25070.00
Kian.Gold.ETF,20190225,25900.00,25900.00,24860.00,25113.00,10434506477,415494,73,D,26056.00,25171.00
Kian.Gold.ETF,20190224,25380.00,26200.00,25380.00,26056.00,31027680619,1190822,97,D,25196.00,26170.00
Kian.Gold.ETF,20190223,25200.00,25380.00,25000.00,25196.00,7430939046,294925,62,D,25099.00,25380.00
Kian.Gold.ETF,20190220,25200.00,25250.00,24950.00,25099.00,18575845810,740107,83,D,24770.00,25120.00
Kian.Gold.ETF,20190219,25000.00,25280.00,24530.00,24770.00,10406607911,420135,76,D,24796.00,24650.00
Kian.Gold.ETF,20190218,27790.00,27790.00,24200.00,24796.00,86287004025,3479854,148,D,24169.00,24850.00
Kian.Gold.ETF,20190217,27500.00,27500.00,22801.00,24169.00,7857633147,325117,98,D,23639.00,24071.00
Kian.Gold.ETF,20190216,23500.00,23750.00,23500.00,23639.00,768176675,32496,18,D,23379.00,23700.00
Kian.Gold.ETF,20190213,23200.00,23600.00,23120.00,23379.00,57286994285,2450388,61,D,23171.00,23550.00
Kian.Gold.ETF,20190212,23100.00,23299.00,23050.00,23171.00,3305017832,142637,46,D,23004.00,23151.00
Kian.Gold.ETF,20190210,23099.00,23100.00,23000.00,23004.00,3601279327,156550,17,D,22928.00,23099.00
Kian.Gold.ETF,20190206,22930.00,22980.00,22900.00,22928.00,3757697000,163889,14,D,22946.00,22960.00
Kian.Gold.ETF,20190205,22980.00,23000.00,22940.00,22946.00,576394488,25120,18,D,22876.00,22961.00
Kian.Gold.ETF,20190204,22900.00,23040.00,22800.00,22876.00,367245126,16054,32,D,22431.00,22800.00
Kian.Gold.ETF,20190203,22330.00,22700.00,22330.00,22431.00,1723539345,76838,28,D,22328.00,22691.00
Kian.Gold.ETF,20190202,22100.00,22330.00,22100.00,22328.00,23031579770,1031508,39,D,23523.00,22290.00
Kian.Gold.ETF,20190130,23401.00,23600.00,23300.00,23523.00,6142804702,261137,49,D,23354.00,23400.00
Kian.Gold.ETF,20190129,23200.00,23400.00,23200.00,23354.00,13113835893,561532,96,D,23006.00,23400.00
Kian.Gold.ETF,20190128,22999.00,23200.00,22999.00,23006.00,23209532000,1008856,33,D,23044.00,23000.00
Kian.Gold.ETF,20190127,23000.00,23101.00,22950.00,23044.00,2653149700,115133,18,D,23030.00,22950.00
Kian.Gold.ETF,20190126,23100.00,23500.00,22926.00,23030.00,74178685186,3220894,107,D,23008.00,23120.00
Kian.Gold.ETF,20190123,21201.00,23500.00,21201.00,23008.00,21259010,924,4,D,23145.00,23000.00
Kian.Gold.ETF,20190122,22700.00,23500.00,22700.00,23145.00,6443643164,278401,53,D,22250.00,23001.00
Kian.Gold.ETF,20190121,22200.00,22400.00,22114.00,22250.00,1092627260,49107,25,D,22136.00,22300.00
Kian.Gold.ETF,20190120,22200.00,22210.00,22001.00,22136.00,1704731816,77010,26,D,21998.00,22100.00
Kian.Gold.ETF,20190119,21900.00,22100.00,21900.00,21998.00,2283717330,103813,16,D,21549.00,22000.00
Kian.Gold.ETF,20190116,21400.00,21800.00,21400.00,21549.00,4495290200,208612,29,D,21308.00,21800.00
Kian.Gold.ETF,20190115,21150.00,21500.00,21150.00,21308.00,1302417130,61124,18,D,21159.00,21500.00
Kian.Gold.ETF,20190114,20900.00,21300.00,20900.00,21159.00,2216491538,104755,49,D,21660.00,21250.00
Kian.Gold.ETF,20190113,21700.00,21700.00,21250.00,21660.00,7262326500,335289,25,D,21713.00,21300.00
Kian.Gold.ETF,20190112,21500.00,22000.00,21500.00,21713.00,428889710,19753,24,D,21363.00,21601.00
Kian.Gold.ETF,20190109,21400.00,21400.00,21000.00,21363.00,629153450,29450,10,D,21500.00,21000.00
Kian.Gold.ETF,20190108,21400.00,21500.00,21400.00,21500.00,7976400,371,56,D,21398.00,21500.00
Kian.Gold.ETF,20190107,21300.00,21600.00,21300.00,21398.00,11557582207,540115,25,D,21109.00,21600.00
Kian.Gold.ETF,20190106,21101.00,21300.00,21101.00,21109.00,21532106050,1020050,24,D,21092.00,21300.00
Kian.Gold.ETF,20190105,21001.00,21299.00,21000.00,21092.00,398528941,18895,12,D,21089.00,21200.00
Kian.Gold.ETF,20190102,21010.00,21100.00,21002.00,21089.00,55884900,2650,7,D,21111.00,21100.00
Kian.Gold.ETF,20190101,20900.00,21200.00,20900.00,21111.00,591959400,28040,11,D,21164.00,21200.00
Kian.Gold.ETF,20181231,21200.00,21200.00,21100.00,21164.00,768630707,36317,26,D,21077.00,21199.00
Kian.Gold.ETF,20181230,21000.00,21200.00,21000.00,21077.00,169544800,8044,10,D,20260.00,21000.00
Kian.Gold.ETF,20181229,19900.00,20500.00,19900.00,20260.00,817953900,40373,20,D,21572.00,20500.00
Kian.Gold.ETF,20181226,22200.00,22200.00,20980.00,21572.00,1344368077,62320,39,D,20851.00,20980.00
Kian.Gold.ETF,20181225,21499.00,21500.00,20500.00,20851.00,1798130915,86236,56,D,19780.00,20901.00
Kian.Gold.ETF,20181224,19849.00,19913.00,19600.00,19780.00,274208902,13863,22,D,19619.00,19700.00
Kian.Gold.ETF,20181223,18734.00,19899.00,18734.00,19619.00,1194499761,60886,21,D,18734.00,19700.00
Kian.Gold.ETF,20181222,18804.00,18999.00,18700.00,18734.00,533871649,28498,19,D,18800.00,18999.00
Kian.Gold.ETF,20181219,18898.00,18899.00,18800.00,18800.00,9261201769,492607,30,D,18589.00,18887.00
Kian.Gold.ETF,20181218,18450.00,18600.00,18450.00,18589.00,434157500,23355,9,D,18667.00,18500.00
Kian.Gold.ETF,20181217,18700.00,18700.00,18600.00,18667.00,663740200,35557,6,D,18660.00,18600.00
Kian.Gold.ETF,20181216,18700.00,18800.00,18600.00,18660.00,328598200,17610,14,D,19204.00,18600.00
Kian.Gold.ETF,20181215,19400.00,19400.00,19200.00,19204.00,184091100,9586,9,D,19692.00,19200.00
Kian.Gold.ETF,20181212,19773.00,19800.00,19500.00,19692.00,1530266559,77710,32,D,20053.00,19800.00
Kian.Gold.ETF,20181211,20200.00,20200.00,19800.00,20053.00,31763200,1584,4,D,20567.00,19800.00
Kian.Gold.ETF,20181210,20601.00,20700.00,20500.00,20567.00,122024750,5933,8,D,21025.00,20500.00
Kian.Gold.ETF,20181209,21300.00,21400.00,20800.00,21025.00,193494124,9203,12,D,21459.00,20800.00
Kian.Gold.ETF,20181208,21400.00,21599.00,21400.00,21459.00,316883221,14767,14,D,20750.00,21450.00
Kian.Gold.ETF,20181205,20900.00,20900.00,20600.00,20750.00,831030000,40050,6,D,20632.00,20600.00
Kian.Gold.ETF,20181204,20400.00,20915.00,20400.00,20632.00,20797141,1008,15,D,21177.00,20915.00
Kian.Gold.ETF,20181203,21310.00,21400.00,21000.00,21177.00,357629794,16888,17,D,21245.00,21100.00
Kian.Gold.ETF,20181202,21000.00,21400.00,21000.00,21245.00,286468291,13484,20,D,20357.00,21400.00
Kian.Gold.ETF,20181201,20199.00,20499.00,20199.00,20357.00,2911923477,143043,23,D,20381.00,20400.00
Kian.Gold.ETF,20181128,20600.00,20600.00,20300.00,20381.00,550023478,26987,22,D,20896.00,20300.00
Kian.Gold.ETF,20181127,20701.00,20950.00,20701.00,20896.00,468433249,22417,22,D,21096.00,20901.00
Kian.Gold.ETF,20181126,20000.00,21300.00,20000.00,21096.00,270533300,12824,36,D,21453.00,21050.00
Kian.Gold.ETF,20181124,21500.00,21600.00,21400.00,21453.00,629306270,29334,17,D,22393.00,21590.00
Kian.Gold.ETF,20181121,22400.00,22440.00,22340.00,22393.00,21429800,957,5,D,22401.00,22440.00
Kian.Gold.ETF,20181120,22400.00,22600.00,22400.00,22401.00,11255348500,502458,16,D,22514.00,22400.00
Kian.Gold.ETF,20181119,22650.00,22650.00,22201.00,22514.00,242364696,10765,22,D,22809.00,22300.00
Kian.Gold.ETF,20181118,22200.00,22900.00,22200.00,22809.00,598349837,26233,24,D,21556.00,22699.00
Kian.Gold.ETF,20181117,21100.00,22000.00,21100.00,21556.00,1692019200,78495,22,D,21984.00,22000.00
Kian.Gold.ETF,20181114,22200.00,22200.00,21800.00,21984.00,3156379784,143578,40,D,23095.00,21800.00
Kian.Gold.ETF,20181113,23300.00,23300.00,23000.00,23095.00,143144723,6198,8,D,23287.00,23000.00
Kian.Gold.ETF,20181112,23200.00,23499.00,23200.00,23287.00,1115896400,47919,9,D,23270.00,23399.00
Kian.Gold.ETF,20181111,23500.00,23500.00,23200.00,23270.00,505168800,21709,10,D,24016.00,23500.00
Kian.Gold.ETF,20181110,24200.00,24201.00,23900.00,24016.00,300700726,12521,13,D,24672.00,23950.00
Kian.Gold.ETF,20181106,25000.00,25000.00,24450.00,24672.00,1326973618,53785,15,D,25103.00,24700.00
Kian.Gold.ETF,20181105,25300.00,25350.00,24700.00,25103.00,862285100,34350,14,D,24147.00,24800.00
Kian.Gold.ETF,20181104,22100.00,25000.00,22100.00,24147.00,367343667,15213,29,D,24124.00,24680.00
Kian.Gold.ETF,20181103,24000.00,24300.00,24000.00,24124.00,1226639044,50848,28,D,25747.00,24001.00
Kian.Gold.ETF,20181031,25351.00,26000.00,25351.00,25747.00,1966764336,76389,42,D,24928.00,25699.00
Kian.Gold.ETF,20181029,24500.00,25000.00,24500.00,24928.00,1160917728,46571,17,D,24051.00,24600.00
Kian.Gold.ETF,20181028,24350.00,24350.00,23900.00,24051.00,1301559688,54116,52,D,23301.00,24200.00
Kian.Gold.ETF,20181027,23000.00,23500.00,23000.00,23301.00,438158097,18804,27,D,22654.00,23500.00
Kian.Gold.ETF,20181024,22790.00,22790.00,22600.00,22654.00,180281937,7958,14,D,22799.00,22745.00
Kian.Gold.ETF,20181023,22887.00,22887.00,22700.00,22799.00,241529785,10594,6,D,22887.00,22800.00
Kian.Gold.ETF,20181022,24800.00,24813.00,22600.00,22887.00,741513722,32399,23,D,22383.00,22900.00
Kian.Gold.ETF,20181021,22400.00,22400.00,22200.00,22383.00,2634900460,117719,25,D,22364.00,22400.00
Kian.Gold.ETF,20181020,22600.00,22600.00,22300.00,22364.00,368915475,16496,14,D,23200.00,22300.00
Kian.Gold.ETF,20181017,23200.00,23200.00,23200.00,23200.00,3712000,160,2,D,23045.00,23200.00
Kian.Gold.ETF,20181016,23030.00,23300.00,22800.00,23045.00,1213806308,52672,35,D,22590.00,23050.00
Kian.Gold.ETF,20181015,22400.00,22798.00,22400.00,22590.00,3273518550,144911,33,D,22316.00,22600.00
Kian.Gold.ETF,20181014,22300.00,22400.00,22300.00,22316.00,101491100,4548,6,D,23170.00,22300.00
Kian.Gold.ETF,20181013,23700.00,23800.00,23000.00,23170.00,330897100,14281,28,D,24064.00,23100.00
Kian.Gold.ETF,20181010,24000.00,24700.00,23701.00,24064.00,2851670954,118505,45,D,23440.00,23800.00
Kian.Gold.ETF,20181009,22701.00,23999.00,22701.00,23440.00,15627161100,666680,62,D,22503.00,23998.00
Kian.Gold.ETF,20181008,22100.00,22597.00,22100.00,22503.00,1326173555,58932,35,D,20777.00,22550.00
Kian.Gold.ETF,20181007,20112.00,21000.00,20112.00,20777.00,674539729,32466,21,D,21411.00,20900.00
Kian.Gold.ETF,20181006,21500.00,21700.00,21200.00,21411.00,2871750604,134122,48,D,23091.00,21499.00
Kian.Gold.ETF,20181003,23702.00,23710.00,22600.00,23091.00,3038570766,131591,56,D,21642.00,22802.00
Kian.Gold.ETF,20181002,22400.00,22999.00,20801.00,21642.00,3881155175,179335,86,D,24142.00,22999.00
Kian.Gold.ETF,20181001,25900.00,25900.00,23800.00,24142.00,9775777956,404931,143,D,26396.00,23900.00
Kian.Gold.ETF,20180930,26400.00,26700.00,25900.00,26396.00,2498608599,94660,42,D,27285.00,25900.00
Kian.Gold.ETF,20180929,27650.00,27650.00,27000.00,27285.00,11713029670,429288,79,D,27958.00,27200.00
Kian.Gold.ETF,20180926,27600.00,28305.00,27599.00,27958.00,5763148756,206134,189,D,26605.00,28010.00
Kian.Gold.ETF,20180925,27000.00,27000.00,26200.00,26605.00,7071082802,265781,82,D,26395.00,26399.00
Kian.Gold.ETF,20180924,27500.00,27500.00,26300.00,26395.00,17947510305,679964,87,D,25178.00,26500.00
Kian.Gold.ETF,20180923,25300.00,25399.00,24900.00,25178.00,23473421450,932307,98,D,25395.00,25329.00
Kian.Gold.ETF,20180922,25900.00,25900.00,25100.00,25395.00,839546006,33059,44,D,25102.00,25400.00
Kian.Gold.ETF,20180918,24799.00,25400.00,24701.00,25102.00,1113733776,44368,35,D,24638.00,25300.00
Kian.Gold.ETF,20180917,24799.00,24799.00,24500.00,24638.00,579446985,23518,23,D,24664.00,24650.00
Kian.Gold.ETF,20180916,24399.00,24701.00,24399.00,24664.00,667206394,27052,52,D,23480.00,24650.00
Kian.Gold.ETF,20180915,23400.00,23786.00,23300.00,23480.00,1525561405,64972,35,D,23409.00,23705.00
Kian.Gold.ETF,20180912,23300.00,23500.00,23300.00,23409.00,568377807,24280,45,D,24346.00,23450.00
Kian.Gold.ETF,20180911,24100.00,24699.00,23700.00,24346.00,2066507109,84882,72,D,23574.00,23700.00
Kian.Gold.ETF,20180910,23000.00,24000.00,23000.00,23574.00,3744361965,158835,100,D,21753.00,23649.00
Kian.Gold.ETF,20180909,20031.00,22500.00,20031.00,21753.00,5139780800,236280,132,D,23817.00,22280.00
Kian.Gold.ETF,20180908,24090.00,24200.00,23600.00,23817.00,5816692679,244222,120,D,27467.00,23700.00
Kian.Gold.ETF,20180905,29005.00,29300.00,26000.00,27467.00,8192213488,298261,167,D,27978.00,26000.00
Kian.Gold.ETF,20180904,27990.00,28200.00,27600.00,27978.00,47251776728,1688872,229,D,25996.00,27800.00
Kian.Gold.ETF,20180903,26700.00,26700.00,25700.00,25996.00,2353327502,90525,92,D,24225.00,26100.00
Kian.Gold.ETF,20180902,24300.00,24600.00,24000.00,24225.00,9836829052,406057,102,D,22451.00,24500.00
Kian.Gold.ETF,20180901,22400.00,22600.00,22300.00,22451.00,2435875845,108497,82,D,22080.00,22600.00
Kian.Gold.ETF,20180829,22500.00,22550.00,21912.00,22080.00,1111700910,50349,60,D,22469.00,22060.00
Kian.Gold.ETF,20180828,22390.00,22500.00,22300.00,22469.00,1601546813,71278,47,D,21321.00,22404.00
Kian.Gold.ETF,20180827,20904.00,21599.00,20904.00,21321.00,539170634,25288,55,D,20846.00,21450.00
Kian.Gold.ETF,20180826,20700.00,20920.00,20700.00,20846.00,428679241,20564,54,D,20819.00,20915.00
Kian.Gold.ETF,20180825,20950.00,21000.00,20700.00,20819.00,837633413,40235,30,D,21037.00,20700.00
Kian.Gold.ETF,20180821,20600.00,21100.00,20600.00,21037.00,477145618,22681,24,D,20505.00,21098.00
Kian.Gold.ETF,20180820,20580.00,20580.00,20471.00,20505.00,316533561,15437,30,D,19927.00,20550.00
Kian.Gold.ETF,20180819,19800.00,20150.00,19790.00,19927.00,895964154,44962,25,D,20361.00,20150.00
Kian.Gold.ETF,20180818,20190.00,20450.00,20190.00,20361.00,291180270,14301,22,D,20574.00,20350.00
Kian.Gold.ETF,20180815,21420.00,21420.00,20495.00,20574.00,871526905,42361,50,D,20897.00,20495.00
Kian.Gold.ETF,20180814,20500.00,21100.00,20500.00,20897.00,959195136,45901,37,D,19825.00,20700.00
Kian.Gold.ETF,20180813,20000.00,20070.00,19800.00,19825.00,13069453359,659237,100,D,19640.00,20000.00
Kian.Gold.ETF,20180812,19500.00,19999.00,19220.00,19640.00,1038391028,52870,45,D,19747.00,19810.00
Kian.Gold.ETF,20180811,19000.00,20500.00,19000.00,19747.00,6567873868,332605,132,D,17660.00,19950.00
Kian.Gold.ETF,20180808,17790.00,18000.00,17400.00,17660.00,2762481230,156423,55,D,16491.00,18000.00
Kian.Gold.ETF,20180807,16500.00,16830.00,16300.00,16491.00,1577888400,95679,38,D,17710.00,16830.00
Kian.Gold.ETF,20180806,18100.00,18300.00,16300.00,17710.00,23059291787,1302034,122,D,18542.00,16500.00
Kian.Gold.ETF,20180805,18000.00,19400.00,18000.00,18542.00,4930379756,265899,83,D,20012.00,18400.00
Kian.Gold.ETF,20180804,20000.00,20495.00,19500.00,20012.00,4825211700,241115,69,D,20757.00,19550.00
Kian.Gold.ETF,20180801,20999.00,21295.00,20000.00,20757.00,6878264560,331369,97,D,21156.00,20002.00
Kian.Gold.ETF,20180731,21000.00,21600.00,19600.00,21156.00,22100890099,1044656,195,D,21695.00,19900.00
Kian.Gold.ETF,20180730,21901.00,22390.00,21022.00,21695.00,26168619865,1206186,250,D,21861.00,21870.00
Kian.Gold.ETF,20180729,20000.00,26500.00,20000.00,21861.00,3472668437,158849,103,D,19576.00,21700.00
Kian.Gold.ETF,20180728,19150.00,19800.00,19150.00,19576.00,1340142415,68457,49,D,19025.00,19800.00
Kian.Gold.ETF,20180725,19000.00,19150.00,18900.00,19025.00,1156862671,60806,43,D,18849.00,18901.00
Kian.Gold.ETF,20180724,18800.00,19120.00,18600.00,18849.00,984618106,52237,38,D,18664.00,19120.00
Kian.Gold.ETF,20180723,18260.00,18900.00,18260.00,18664.00,2590111880,138774,96,D,17987.00,18700.00
Kian.Gold.ETF,20180722,17500.00,18099.00,17500.00,17987.00,2135403138,118722,51,D,17528.00,17999.00
Kian.Gold.ETF,20180721,16680.00,17700.00,16680.00,17528.00,1604419054,91533,47,D,16502.00,17699.00
Kian.Gold.ETF,20180718,16401.00,16600.00,16401.00,16502.00,110269100,6682,8,D,16062.00,16500.00
Kian.Gold.ETF,20180717,16100.00,16300.00,16050.00,16062.00,143269850,8920,6,D,16054.00,16300.00
Kian.Gold.ETF,20180716,16000.00,16200.00,16000.00,16054.00,680125950,42366,19,D,16474.00,16150.00
Kian.Gold.ETF,20180715,16151.00,16650.00,16151.00,16474.00,473286320,28729,13,D,15859.00,16470.00
Kian.Gold.ETF,20180714,15700.00,16010.00,15700.00,15859.00,533148219,33619,23,D,15600.00,16000.00
Kian.Gold.ETF,20180711,15600.00,15600.00,15600.00,15600.00,184423200,11822,6,D,16218.00,15600.00
Kian.Gold.ETF,20180710,16400.00,16400.00,16104.00,16218.00,1217334413,75059,30,D,16473.00,16104.00
Kian.Gold.ETF,20180708,16400.00,16500.00,16400.00,16473.00,1668344840,101280,18,D,16328.00,16402.00
Kian.Gold.ETF,20180707,17000.00,17000.00,16300.00,16328.00,997636890,61099,32,D,16509.00,16328.00
Kian.Gold.ETF,20180704,16501.00,16550.00,16500.00,16509.00,114787166,6953,10,D,16762.00,16501.00
Kian.Gold.ETF,20180703,16899.00,16899.00,16700.00,16762.00,2017517296,120364,38,D,16886.00,16800.00
Kian.Gold.ETF,20180702,16800.00,16900.00,16800.00,16886.00,806858200,47782,12,D,16457.00,16850.00
Kian.Gold.ETF,20180701,16411.00,16490.00,16411.00,16457.00,876121033,53237,24,D,16744.00,16463.00
Kian.Gold.ETF,20180630,16812.00,16900.00,16500.00,16744.00,3178038358,189806,39,D,16490.00,16600.00
Kian.Gold.ETF,20180627,16700.00,16700.00,16400.00,16490.00,3943930813,239174,31,D,17229.00,16551.00
Kian.Gold.ETF,20180626,17250.00,17900.00,17000.00,17229.00,2722549532,158020,54,D,16639.00,17000.00
Kian.Gold.ETF,20180625,16200.00,17100.00,16200.00,16639.00,3549949397,213354,61,D,16216.00,17100.00
Kian.Gold.ETF,20180624,16300.00,16502.00,16000.00,16216.00,799186571,49284,42,D,15371.00,16380.00
Kian.Gold.ETF,20180623,15100.00,16000.00,14950.00,15371.00,1521311470,98971,54,D,14799.00,15700.00
Kian.Gold.ETF,20180620,14720.00,14850.00,14720.00,14799.00,421783969,28500,14,D,14659.00,14850.00
Kian.Gold.ETF,20180619,14700.00,14720.00,14650.00,14659.00,63677076,4344,7,D,14714.00,14651.00
Kian.Gold.ETF,20180618,15000.00,15000.00,14600.00,14714.00,2208107400,150070,32,D,14069.00,14750.00
Kian.Gold.ETF,20180617,14800.00,14800.00,13510.00,14069.00,275197645,19560,14,D,15150.00,14179.00
Kian.Gold.ETF,20180613,15000.00,15200.00,14700.00,15150.00,9058424514,597914,50,D,14672.00,14800.00
Kian.Gold.ETF,20180612,14020.00,15000.00,14020.00,14672.00,650529128,44338,31,D,14207.00,14730.00
Kian.Gold.ETF,20180611,14300.00,14380.00,14052.00,14207.00,2012392947,141643,92,D,14031.00,14100.00
Kian.Gold.ETF,20180610,13482.00,14200.00,13480.00,14031.00,7883250570,561859,68,D,13426.00,14200.00
Kian.Gold.ETF,20180609,13001.00,13550.00,13001.00,13426.00,2982723588,222162,42,D,12885.00,13550.00
Kian.Gold.ETF,20180603,12932.00,12940.00,12800.00,12885.00,410334100,31847,20,D,12932.00,12820.00
Kian.Gold.ETF,20180602,13000.00,13000.00,12850.00,12932.00,823862275,63705,15,D,13010.00,12850.00
Kian.Gold.ETF,20180530,12890.00,14000.00,12800.00,13010.00,2941631984,226099,61,D,12767.00,13000.00
Kian.Gold.ETF,20180529,12629.00,12900.00,12500.00,12767.00,546589975,42813,76,D,12320.00,12890.00
Kian.Gold.ETF,20180528,12290.00,12600.00,12290.00,12320.00,1408897530,114357,9,D,12276.00,12600.00
Kian.Gold.ETF,20180527,12250.00,12280.00,12201.00,12276.00,59413719,4840,3,D,12268.00,12280.00
Kian.Gold.ETF,20180526,12200.00,12270.00,12200.00,12268.00,509519370,41531,8,D,12181.00,12270.00
Kian.Gold.ETF,20180523,12100.00,12230.00,12000.00,12181.00,2354871820,193318,19,D,12146.00,12200.00
Kian.Gold.ETF,20180522,12100.00,12200.00,12100.00,12146.00,304645532,25081,13,D,11969.00,12120.00
Kian.Gold.ETF,20180521,11938.00,12174.00,11800.00,11969.00,800790465,66904,31,D,11915.00,12174.00
Kian.Gold.ETF,20180520,11950.00,12010.00,11800.00,11915.00,928021571,77890,29,D,12007.00,11870.00
Kian.Gold.ETF,20180519,12800.00,12889.00,11900.00,12007.00,789613743,65762,28,D,11833.00,11900.00
Kian.Gold.ETF,20180516,11800.00,11900.00,11700.00,11833.00,355070700,30006,9,D,11584.00,11800.00
Kian.Gold.ETF,20180515,11900.00,11900.00,11300.00,11584.00,905061400,78129,29,D,11205.00,11560.00
Kian.Gold.ETF,20180514,12140.00,12140.00,10800.00,11205.00,33624903913,3000823,151,D,12306.00,11800.00
Kian.Gold.ETF,20180513,12410.00,12410.00,12222.00,12306.00,276387970,22460,15,D,12393.00,12222.00
Kian.Gold.ETF,20180512,12300.00,12490.00,12230.00,12393.00,1259892570,101662,53,D,12516.00,12230.00
Kian.Gold.ETF,20180509,12350.00,13000.00,12300.00,12516.00,1068188698,85345,59,D,11881.00,12420.00
Kian.Gold.ETF,20180508,11770.00,12080.00,11660.00,11881.00,991520760,83451,37,D,12103.00,11700.00
Kian.Gold.ETF,20180507,12090.00,12150.00,11770.00,12103.00,13385024091,1105959,134,D,12268.00,11770.00
Kian.Gold.ETF,20180506,12290.00,12498.00,11950.00,12268.00,3229490306,263255,94,D,11899.00,11950.00
Kian.Gold.ETF,20180505,11609.00,12099.00,11609.00,11899.00,873859099,73438,47,D,11350.00,12000.00
Kian.Gold.ETF,20180501,11301.00,11500.00,11300.00,11350.00,619483565,54582,38,D,11242.00,11470.00
Kian.Gold.ETF,20180430,11180.00,11300.00,11179.00,11242.00,513347660,45662,17,D,11097.00,11270.00
Kian.Gold.ETF,20180429,10970.00,11100.00,10970.00,11097.00,1292442874,116473,24,D,10948.00,11099.00
Kian.Gold.ETF,20180428,10920.00,11001.00,10920.00,10948.00,975584911,89113,12,D,10999.00,11001.00
Kian.Gold.ETF,20180425,10980.00,11016.00,10960.00,10999.00,333988062,30364,9,D,11004.00,10960.00
Kian.Gold.ETF,20180424,11050.00,11050.00,11000.00,11004.00,132226800,12016,7,D,11108.00,11000.00
Kian.Gold.ETF,20180423,11110.00,11140.00,11061.00,11108.00,1178398399,106087,9,D,11118.00,11070.00
Kian.Gold.ETF,20180422,11130.00,11150.00,11050.00,11118.00,9334042679,839529,29,D,11109.00,11051.00
Kian.Gold.ETF,20180421,11100.00,11170.00,11092.00,11109.00,1245319782,112104,16,D,11141.00,11170.00
Kian.Gold.ETF,20180418,11000.00,11200.00,11000.00,11141.00,431022453,38688,11,D,11220.00,11100.00
Kian.Gold.ETF,20180417,11190.00,11300.00,11170.00,11220.00,2885134846,257144,40,D,10952.00,11170.00
Kian.Gold.ETF,20180416,10900.00,11200.00,10900.00,10952.00,2721282990,248475,16,D,10817.00,11200.00
Kian.Gold.ETF,20180415,10950.00,10950.00,10750.00,10817.00,69264403,6403,16,D,10562.00,10750.00
Kian.Gold.ETF,20180411,10550.00,10735.00,10400.00,10562.00,240909400,22810,17,D,10771.00,10650.00
Kian.Gold.ETF,20180410,11000.00,11467.00,10403.00,10771.00,3641766026,338112,123,D,11750.00,10600.00
Kian.Gold.ETF,20180409,12000.00,12001.00,11390.00,11750.00,3870758423,329425,115,D,11269.00,11900.00
Kian.Gold.ETF,20180408,11086.00,11430.00,11050.00,11269.00,2719958601,241370,77,D,10976.00,11430.00
Kian.Gold.ETF,20180407,10872.00,11110.00,10800.00,10976.00,2396940006,218381,44,D,10792.00,11110.00
Kian.Gold.ETF,20180404,10730.00,10801.00,10730.00,10792.00,1713012483,158723,18,D,10754.00,10800.00
Kian.Gold.ETF,20180403,10720.00,10950.00,10720.00,10754.00,561475555,52212,40,D,10695.00,10800.00
Kian.Gold.ETF,20180328,10685.00,10710.00,10681.00,10695.00,155087100,14501,13,D,10713.00,10710.00
Kian.Gold.ETF,20180327,10750.00,10750.00,10670.00,10713.00,1170663695,109272,28,D,10446.00,10715.00
Kian.Gold.ETF,20180326,10400.00,10530.00,10400.00,10446.00,689434000,66000,6,D,10392.00,10530.00
Kian.Gold.ETF,20180325,10311.00,10395.00,10311.00,10392.00,128550703,12370,7,D,10286.00,10395.00
Kian.Gold.ETF,20180319,10286.00,10288.00,10286.00,10286.00,1018316,99,2,D,10289.00,10288.00
Kian.Gold.ETF,20180318,10269.00,10313.00,10236.00,10289.00,410953745,39941,37,D,10338.00,10298.00
Kian.Gold.ETF,20180317,10358.00,10358.00,10330.00,10338.00,166562315,16112,30,D,10313.00,10332.00
Kian.Gold.ETF,20180314,10271.00,10320.00,10271.00,10313.00,507354177,49196,35,D,10250.00,10320.00
Kian.Gold.ETF,20180312,10300.00,10300.00,10239.00,10250.00,868176811,84701,38,D,10000.00,10250.00
Kian.Gold.ETF,20171220,10000.00,10000.00,10000.00,10000.00,7160310000,716031,18,D,10000.00,10000.00
Kian.Gold.ETF,20171219,10000.00,10000.00,10000.00,10000.00,601820000,60182,8,D,10000.00,10000.00
Kian.Gold.ETF,20171218,10000.00,10000.00,10000.00,10000.00,14371000000,1437100,15,D,10000.00,10000.00
Kian.Gold.ETF,20171217,10000.00,10000.00,10000.00,10000.00,7453630000,745363,20,D,10000.00,10000.00
Kian.Gold.ETF,20171216,10000.00,10000.00,10000.00,10000.00,10030000000,1003000,6,D,10000.00,10000.00
Kian.Gold.ETF,20171213,10000.00,10000.00,10000.00,10000.00,10060680000,1006068,21,D,10000.00,10000.00
Kian.Gold.ETF,20171212,10000.00,10000.00,10000.00,10000.00,119750000,11975,47,D,10000.00,10000.00
Kian.Gold.ETF,20171211,10000.00,10000.00,10000.00,10000.00,27197120000,2719712,349,D,10000.00,10000.00
Kian.Gold.ETF,20171210,10000.00,10000.00,10000.00,10000.00,41944430000,4194443,178,D,10000.00,10000.00
Kian.Gold.ETF,20171209,10000.00,10000.00,10000.00,10000.00,42439980000,4243998,169,D,10000.00,10000.00
